[
  {
    "id": "4b916920-ee73-42df-a7b8-d7a73a8ac655",
    "data": [
      {
        "text": "drink",
        "userDefined": false
      }
    ],
    "isTemplate": false,
    "count": 0,
    "lang": "en",
    "updated": 0
  },
  {
    "id": "20c488d4-8d22-41ad-921c-fd629820b976",
    "data": [
      {
        "text": "desert",
        "userDefined": false
      }
    ],
    "isTemplate": false,
    "count": 0,
    "lang": "en",
    "updated": 0
  },
  {
    "id": "94550e13-c9b5-4443-aeee-b889d158ef17",
    "data": [
      {
        "text": "deserts and drinks",
        "userDefined": false
      }
    ],
    "isTemplate": false,
    "count": 0,
    "lang": "en",
    "updated": 0
  },
  {
    "id": "58f32dfa-e98b-4542-b881-148c1e1cac4e",
    "data": [
      {
        "text": "drinks",
        "userDefined": false
      }
    ],
    "isTemplate": false,
    "count": 0,
    "lang": "en",
    "updated": 0
  },
  {
    "id": "ee081fa4-5f34-481e-b623-90ea0480aa85",
    "data": [
      {
        "text": "deserts",
        "userDefined": false
      }
    ],
    "isTemplate": false,
    "count": 0,
    "lang": "en",
    "updated": 0
  }
]